emailAddress,firstName,lastName,password
rbarker@yahoo.com,Matthew,Jones,rnjH3S+*a)
christine41@hotmail.com,Cindy,Reese,VNAcP9wQ)2
montoyabailey@gmail.com,Mary,Buchanan,7p+sEeft%w
donnathompson@gmail.com,Christina,Johnson,9F8REAWf#S
tricia33@gmail.com,Brent,Rodriguez,^OcgU3Bk7*
fharding@santiago.com,Danny,Hill,tR5BMvSwi_
antonioharris@yahoo.com,William,Cordova,6Q96Dzqy%f
jtaylor@hotmail.com,Michael,Giles,de8WKjAxX)
kaylanguyen@hotmail.com,Alexandra,Gordon,rQz9QZk+@z
jamesshannon@hotmail.com,John,Collins,*^oZH4k(39
gillkristen@yahoo.com,Amanda,Ruiz,@e)(IBl9T8
swhite@allen-odonnell.org,Lance,Spears,Wt+4DIfk_9
carrcody@hotmail.com,Brian,Garza,(m5&RhpP_4
armstrongtimothy@gmail.com,Bobby,Williams,%NHqeJff0J
xduarte@lopez-quinn.info,Teresa,Rojas,y009Vu0r))
hawkinsheather@bass-vasquez.com,John,Mcbride,U*39EUfC6F
jared93@hotmail.com,Michele,Leonard,4LSN9sMy^2
mitchellluis@hotmail.com,James,Martin,V4OE$$Nj^y
andrew50@hotmail.com,Mark,White,*$75IjLc6S
dmurphy@christensen.org,Kylie,Hartman,dQU_4EBcpw
smichael@gmail.com,Chad,Kemp,68MvLshC&B
woodsbobby@gmail.com,Hunter,Becker,X(mk+9Xn4j
daniellebrady@turner.com,Marcia,Singleton,z_6ZhWd$hP
bowmanterry@hotmail.com,Doris,Figueroa,I10KNpgb#)
julia41@yahoo.com,Paula,Parks,qF#08rGk@^
jasmine62@johnson-hooper.com,Latoya,Barajas,@he7Rxox((
cheryl23@wong-bryant.com,Elizabeth,Patton,$o0JAjBgM#
saunderskathleen@gmail.com,Jeanne,Boyd,*2H_KZio7G
christine31@hotmail.com,Matthew,Nicholson,z)!0xUy7os
laurie32@gmail.com,John,Miranda,%v3^jRI_j4
hollandjulie@hotmail.com,Nicholas,Leach,$OM&t96D4g
pgarcia@yahoo.com,Deborah,Simpson,)4u5Z0Omb4
pvillegas@yahoo.com,Jessica,Jenkins,J*!6Zr0Leg
doylechristine@gmail.com,Jennifer,Branch,xQ*6HuFwL*
harrisonmolly@reynolds.com,Jill,Morton,2!46GMamGL
hjones@young.org,Krista,Greer,+2Yy)Jpw_m
lrhodes@yahoo.com,Anthony,Cook,4tjW0J3k^G
walkerpeggy@hernandez.com,Sarah,Guerrero,*7TmOCO#Ow
jbradley@yahoo.com,Charles,Costa,9J3EOvAo5+
christopher79@hotmail.com,Ashley,Miller,&!K9XFe1p#
drodriguez@li.com,Casey,Peck,!SH2H1wMm!
pchung@doyle.com,Jennifer,Parsons,&0EvyFlgKa
james93@hotmail.com,Anthony,Sellers,@5#5X8lxlD
danielcastillo@hotmail.com,Amber,Kelley,ut!&H9Pz+t
estesstanley@williams-wyatt.biz,Jill,Rodriguez,75M!7YaX*S
samantha52@hotmail.com,Tricia,Rodriguez,#9R7^bVohT
christopher45@yahoo.com,Eric,Lawrence,c2!*L*Ka*w
benjaminhill@hunter-taylor.com,Mary,Romero,(7w3UMKwH%
pmartin@yahoo.com,Michael,Sparks,H3mXETXb$Z
braunkaylee@gmail.com,Eric,Bray,L6nD#Ps1(q
piercetara@russell-francis.info,Nancy,Morris,Y9RN2OqL!I
austinsmith@gmail.com,Tina,Snow,##$+M^bei3
trussell@sanchez-davis.info,Denise,Rosales,YST0R1Bd1%
amy72@yahoo.com,Tammy,Webster,2@hPmScq@Q
pattycampbell@yahoo.com,Lisa,Hayes,(NDvzPtDt5
dellis@frazier.com,Anna,Baxter,i^5ZCEVb+p
briancline@clark.com,Sheri,Adams,#i6BR52p4H
sullivancody@campbell.info,Taylor,Taylor,@Uy#5UNiZ*
nicholassmith@greene.info,Brianna,Moore,+_3iXxZLZv
philipkemp@king-anderson.net,Nicholas,Adams,^7A4Tomhk*
xwilliams@richard.info,Anna,Smith,Aa7Z5Lt#m$
chavezraymond@gmail.com,Heather,Reed,Yb@8Uaq#Qh
montgomerylinda@walsh.com,Angela,Mills,P%JNI5nV^3
burnsdiane@clayton.com,Debra,Horton,9tgXX)Ln&v
gina04@gmail.com,Kevin,Hernandez,7qb@L8Jcu$
alicia72@reid-garcia.com,Kathleen,Davis,CQ4c)kXp)U
fowlerjodi@yahoo.com,Carolyn,Santiago,@1GH7T4hd)
ecarter@mathews.com,Andrew,Reed,v3Nl3B3x#i
wmorgan@gmail.com,Crystal,Wood,0HLfyaQm!K
miguelparker@martinez.net,Samuel,Williams,6dHOBfTm+&
darnold@hotmail.com,Daniel,Phillips,z*Uc)A5phF
erica21@gmail.com,James,Richards,jW4Nz3cx@3
angela26@yahoo.com,Bobby,Adams,&R1CZTEi2!
gknox@hotmail.com,Nathan,Murphy,6z5@Og$q#y
lisabarnes@mccarthy.com,Ashley,Davis,*3)(_UeMv0
browndavid@pierce.com,Christopher,Gaines,+$N2NPe8m8
butlergeorge@lopez.com,Carol,Rodriguez,3u0qVFlGq$
thomasmullen@marshall.com,Elizabeth,Riley,k&6BbfE%V+
iporter@garcia-barrett.net,Sabrina,Morales,+00wrtFg)G
kthomas@ramirez-hall.com,Daniel,Alvarado,@1SYLTry06
kimdavis@yahoo.com,Jill,Schultz,g^$4WVxFvx
lisawilliams@gmail.com,Tabitha,Myers,AF_c3FxcAM
thomaschristina@yahoo.com,Lori,Stewart,)V9gCdRiXC
andrewsjasmine@hotmail.com,Brianna,Parker,&17(g#Ks+9
kelleynicholas@harrison.com,Caitlin,King,Xdct%6Oi!C
goodwinmichelle@mcdowell.biz,Kristi,Cisneros,)+7qsA1kpy
omoore@harding.info,James,Cortez,7Bh8ZDsG4)
sarahmartinez@werner.net,Emily,Carpenter,+uFijcoDj9
baldwintheresa@hotmail.com,Emily,Horton,oZO)@g3g%2
elittle@tucker-nguyen.com,Ashley,Davis,jC3d9+Ldy+
leelauren@church-shaw.com,David,Douglas,1lDkGPOw&@
jonesjeremy@richardson.com,Emily,Rojas,R^1IhEe+@o
keithchapman@thomas.com,Juan,Powers,!uC7FMCk$9
fpena@gmail.com,David,Martinez,nBWY3^pa@8
richardnorman@hotmail.com,William,Tucker,y&8DMGNxBb
mitchellpatricia@gmail.com,Donald,Flores,yt!37O!yA1
bethany47@wilson.info,David,Rogers,b5mTi%me#@
cthomas@gmail.com,Victor,Montgomery,!LtDLc%i+0
brandywilliams@gmail.com,Robert,Pitts,0EUYZe(i%8
thomas08@mason.com,Amanda,Torres,6$%m!3Gb9m
